{
    "name": "root",
    "gauges": {
        "Charlie.Policy.Entropy.mean": {
            "value": 1.320047378540039,
            "min": 1.320047378540039,
            "max": 1.3922812938690186,
            "count": 31
        },
        "Charlie.Policy.Entropy.sum": {
            "value": 39622.54296875,
            "min": 26197.1640625,
            "max": 41729.3359375,
            "count": 31
        },
        "Charlie.Environment.EpisodeLength.mean": {
            "value": 3.7850079744816587,
            "min": 2.5537787254205164,
            "max": 3.7850079744816587,
            "count": 31
        },
        "Charlie.Environment.EpisodeLength.sum": {
            "value": 23732.0,
            "min": 13493.0,
            "max": 23732.0,
            "count": 31
        },
        "Charlie.Step.mean": {
            "value": 3809998.0,
            "min": 2909999.0,
            "max": 3809998.0,
            "count": 31
        },
        "Charlie.Step.sum": {
            "value": 3809998.0,
            "min": 2909999.0,
            "max": 3809998.0,
            "count": 31
        },
        "Charlie.Policy.ExtrinsicValueEstimate.mean": {
            "value": -0.7390367984771729,
            "min": -1.0403573513031006,
            "max": -0.7390367984771729,
            "count": 31
        },
        "Charlie.Policy.ExtrinsicValueEstimate.sum": {
            "value": -4633.7607421875,
            "min": -8611.767578125,
            "max": -4633.7607421875,
            "count": 31
        },
        "Charlie.Environment.CumulativeReward.mean": {
            "value": -0.6408674062759967,
            "min": -1.0301311624258398,
            "max": -0.6378721686268654,
            "count": 31
        },
        "Charlie.Environment.CumulativeReward.sum": {
            "value": -4018.2386373504996,
            "min": -8505.41159779206,
            "max": -4018.2386373504996,
            "count": 31
        },
        "Charlie.Policy.ExtrinsicReward.mean": {
            "value": -0.6408674062759967,
            "min": -1.0301311624258398,
            "max": -0.6378721686268654,
            "count": 31
        },
        "Charlie.Policy.ExtrinsicReward.sum": {
            "value": -4018.2386373504996,
            "min": -8505.41159779206,
            "max": -4018.2386373504996,
            "count": 31
        },
        "Charlie.IsTraining.mean": {
            "value": 1.0,
            "min": 1.0,
            "max": 1.0,
            "count": 31
        },
        "Charlie.IsTraining.sum": {
            "value": 1.0,
            "min": 1.0,
            "max": 1.0,
            "count": 31
        },
        "Charlie.Losses.PolicyLoss.mean": {
            "value": 0.022067962462703386,
            "min": 0.011145905326702631,
            "max": 0.022067962462703386,
            "count": 30
        },
        "Charlie.Losses.PolicyLoss.sum": {
            "value": 0.022067962462703386,
            "min": 0.011145905326702631,
            "max": 0.03828217660387357,
            "count": 30
        },
        "Charlie.Losses.ValueLoss.mean": {
            "value": 0.13965163032213848,
            "min": 0.10167477503418923,
            "max": 0.15356216803193093,
            "count": 30
        },
        "Charlie.Losses.ValueLoss.sum": {
            "value": 0.13965163032213848,
            "min": 0.10167477503418923,
            "max": 0.30115233808755876,
            "count": 30
        },
        "Charlie.Policy.LearningRate.mean": {
            "value": 0.0002620732526422533,
            "min": 0.0002620732526422533,
            "max": 0.00027077934974021993,
            "count": 30
        },
        "Charlie.Policy.LearningRate.sum": {
            "value": 0.0002620732526422533,
            "min": 0.0002620732526422533,
            "max": 0.0005415586994804399,
            "count": 30
        },
        "Charlie.Policy.Epsilon.mean": {
            "value": 0.18735774666666669,
            "min": 0.18735774666666669,
            "max": 0.19025978000000007,
            "count": 30
        },
        "Charlie.Policy.Epsilon.sum": {
            "value": 0.18735774666666669,
            "min": 0.18735774666666669,
            "max": 0.38051956000000015,
            "count": 30
        },
        "Charlie.Policy.Beta.mean": {
            "value": 0.004369151558666667,
            "min": 0.004369151558666667,
            "max": 0.004513963022000001,
            "count": 30
        },
        "Charlie.Policy.Beta.sum": {
            "value": 0.004369151558666667,
            "min": 0.004369151558666667,
            "max": 0.009027926044000002,
            "count": 30
        }
    },
    "metadata": {
        "timer_format_version": "0.1.0",
        "start_time_seconds": "1699744560",
        "python_version": "3.10.12 (main, Jul  5 2023, 15:02:25) [Clang 14.0.6 ]",
        "command_line_arguments": "/opt/homebrew/anaconda3/envs/mlagents_venv/bin/mlagents-learn config/Charlie.yaml --run-id=CharlieRunToTarget --env=envs/env-32 --num-envs=2 --no-graphics --resume",
        "mlagents_version": "1.0.0",
        "mlagents_envs_version": "1.0.0",
        "communication_protocol_version": "1.5.0",
        "pytorch_version": "2.1.0",
        "numpy_version": "1.21.2",
        "end_time_seconds": "1699745062"
    },
    "total": 502.3082290830207,
    "count": 1,
    "self": 0.1742734580184333,
    "children": {
        "run_training.setup": {
            "total": 0.01674712498788722,
            "count": 1,
            "self": 0.01674712498788722
        },
        "TrainerController.start_learning": {
            "total": 502.1172085000144,
            "count": 1,
            "self": 1.5765016930236015,
            "children": {
                "TrainerController._reset_env": {
                    "total": 1.7069548750005197,
                    "count": 1,
                    "self": 1.7069548750005197
                },
                "TrainerController.advance": {
                    "total": 498.77457426596084,
                    "count": 167551,
                    "self": 1.3305747386766598,
                    "children": {
                        "env_step": {
                            "total": 240.96477460549795,
                            "count": 167551,
                            "self": 220.98941876954632,
                            "children": {
                                "SubprocessEnvManager._take_step": {
                                    "total": 18.93756523844786,
                                    "count": 173557,
                                    "self": 1.4556350149505306,
                                    "children": {
                                        "TorchPolicy.evaluate": {
                                            "total": 17.48193022349733,
                                            "count": 29137,
                                            "self": 17.48193022349733
                                        }
                                    }
                                },
                                "workers": {
                                    "total": 1.037790597503772,
                                    "count": 167551,
                                    "self": 0.0,
                                    "children": {
                                        "worker_root": {
                                            "total": 998.5398500410665,
                                            "count": 173557,
                                            "is_parallel": true,
                                            "self": 506.9394541934307,
                                            "children": {
                                                "steps_from_proto": {
                                                    "total": 0.0012676660262513906,
                                                    "count": 2,
                                                    "is_parallel": true,